,model_name,mode,image_type,epoch,learning_rate,batch_size,batch_index,loss_batch,avg_train_loss_till_current_batch,avg_val_loss_till_current_batch
0,"Gamma =0.37 step_frequency=010 prediction_input_size=400 cu_loss=False init=(1.5, -1.5) noise_factor=2",train,original,1,0.05,400,0,0.1230226680636406,0.1230226680636406,
1,"Gamma =0.37 step_frequency=010 prediction_input_size=400 cu_loss=False init=(1.5, -1.5) noise_factor=2",train,original,1,0.05,400,1,0.0906977578997612,0.1068602129817009,
2,"Gamma =0.37 step_frequency=010 prediction_input_size=400 cu_loss=False init=(1.5, -1.5) noise_factor=2",train,original,1,0.05,400,2,0.11646851897239685,0.11006298164526622,
3,"Gamma =0.37 step_frequency=010 prediction_input_size=400 cu_loss=False init=(1.5, -1.5) noise_factor=2",train,original,1,0.05,400,3,0.13826461136341095,0.1171133890748024,
4,"Gamma =0.37 step_frequency=010 prediction_input_size=400 cu_loss=False init=(1.5, -1.5) noise_factor=2",train,original,1,0.05,400,4,0.1522158831357956,0.12413388788700104,
5,"Gamma =0.37 step_frequency=010 prediction_input_size=400 cu_loss=False init=(1.5, -1.5) noise_factor=2",train,original,1,0.05,400,5,0.28401845693588257,0.15078131606181464,
6,"Gamma =0.37 step_frequency=010 prediction_input_size=400 cu_loss=False init=(1.5, -1.5) noise_factor=2",train,original,1,0.05,400,6,0.36782515048980713,0.1817875781229564,
7,"Gamma =0.37 step_frequency=010 prediction_input_size=400 cu_loss=False init=(1.5, -1.5) noise_factor=2",train,original,1,0.05,400,7,0.3970143496990204,0.2086909245699644,
8,"Gamma =0.37 step_frequency=010 prediction_input_size=400 cu_loss=False init=(1.5, -1.5) noise_factor=2",train,original,1,0.05,400,8,0.3329795300960541,0.2225007696284188,
9,"Gamma =0.37 step_frequency=010 prediction_input_size=400 cu_loss=False init=(1.5, -1.5) noise_factor=2",train,original,1,0.05,400,9,0.3333827555179596,0.2335889682173729,
10,"Gamma =0.37 step_frequency=010 prediction_input_size=400 cu_loss=False init=(1.5, -1.5) noise_factor=2",train,original,1,0.05,400,10,0.3409993350505829,0.243353547020392,
11,"Gamma =0.37 step_frequency=010 prediction_input_size=400 cu_loss=False init=(1.5, -1.5) noise_factor=2",train,original,1,0.05,400,11,0.3438520133495331,0.2517284192144871,
12,"Gamma =0.37 step_frequency=010 prediction_input_size=400 cu_loss=False init=(1.5, -1.5) noise_factor=2",train,original,1,0.05,400,12,0.348982036113739,0.2592094666682757,
13,"Gamma =0.37 step_frequency=010 prediction_input_size=400 cu_loss=False init=(1.5, -1.5) noise_factor=2",train,original,1,0.05,400,13,0.3316196799278259,0.26438162475824356,
14,"Gamma =0.37 step_frequency=010 prediction_input_size=400 cu_loss=False init=(1.5, -1.5) noise_factor=2",train,original,1,0.05,400,14,0.2967168688774109,0.2665373076995214,
15,"Gamma =0.37 step_frequency=010 prediction_input_size=400 cu_loss=False init=(1.5, -1.5) noise_factor=2",train,original,1,0.05,400,15,0.22426514327526093,0.2638952974230051,
16,"Gamma =0.37 step_frequency=010 prediction_input_size=400 cu_loss=False init=(1.5, -1.5) noise_factor=2",train,original,1,0.05,400,16,0.07423827052116394,0.2527390017228968,
17,"Gamma =0.37 step_frequency=010 prediction_input_size=400 cu_loss=False init=(1.5, -1.5) noise_factor=2",train,original,1,0.05,400,17,0.0846756249666214,0.2434021474586593,
18,"Gamma =0.37 step_frequency=010 prediction_input_size=400 cu_loss=False init=(1.5, -1.5) noise_factor=2",train,original,1,0.05,400,18,0.08774591982364655,0.23520971442523755,
19,"Gamma =0.37 step_frequency=010 prediction_input_size=400 cu_loss=False init=(1.5, -1.5) noise_factor=2",train,original,1,0.05,400,19,0.07982873171567917,0.22744066528975965,
20,"Gamma =0.37 step_frequency=010 prediction_input_size=400 cu_loss=False init=(1.5, -1.5) noise_factor=2",train,original,1,0.05,400,20,0.10747479647397995,0.2217280048699606,
21,"Gamma =0.37 step_frequency=010 prediction_input_size=400 cu_loss=False init=(1.5, -1.5) noise_factor=2",train,original,1,0.05,400,21,0.1282098889350891,0.21747718141837555,
22,"Gamma =0.37 step_frequency=010 prediction_input_size=400 cu_loss=False init=(1.5, -1.5) noise_factor=2",train,original,1,0.05,400,22,0.112696573138237,0.21292150279749994,
23,"Gamma =0.37 step_frequency=010 prediction_input_size=400 cu_loss=False init=(1.5, -1.5) noise_factor=2",train,original,1,0.05,400,23,0.22158564627170563,0.21328250877559185,
24,"Gamma =0.37 step_frequency=010 prediction_input_size=400 cu_loss=False init=(1.5, -1.5) noise_factor=2",train,original,1,0.05,400,24,0.3040294349193573,0.21691238582134248,
25,"Gamma =0.37 step_frequency=010 prediction_input_size=400 cu_loss=False init=(1.5, -1.5) noise_factor=2",train,original,1,0.05,400,25,0.269783616065979,0.21894589467690542,
26,"Gamma =0.37 step_frequency=010 prediction_input_size=400 cu_loss=False init=(1.5, -1.5) noise_factor=2",train,original,1,0.05,400,26,0.3013015389442444,0.2219961037238439,
27,"Gamma =0.37 step_frequency=010 prediction_input_size=400 cu_loss=False init=(1.5, -1.5) noise_factor=2",train,original,1,0.05,400,27,0.21988260746002197,0.22192062171442167,
28,"Gamma =0.37 step_frequency=010 prediction_input_size=400 cu_loss=False init=(1.5, -1.5) noise_factor=2",train,original,1,0.05,400,28,0.22004123032093048,0.2218558151146461,
29,"Gamma =0.37 step_frequency=010 prediction_input_size=400 cu_loss=False init=(1.5, -1.5) noise_factor=2",train,original,1,0.05,400,29,0.1723427176475525,0.22020537853240968,
30,"Gamma =0.37 step_frequency=010 prediction_input_size=400 cu_loss=False init=(1.5, -1.5) noise_factor=2",train,original,1,0.05,400,30,0.17836688458919525,0.2188557496955318,
31,"Gamma =0.37 step_frequency=010 prediction_input_size=400 cu_loss=False init=(1.5, -1.5) noise_factor=2",train,original,1,0.05,400,31,0.13114574551582336,0.2161148120649159,
32,"Gamma =0.37 step_frequency=010 prediction_input_size=400 cu_loss=False init=(1.5, -1.5) noise_factor=2",train,original,1,0.05,400,32,0.18956513702869415,0.21531027645775766,
33,"Gamma =0.37 step_frequency=010 prediction_input_size=400 cu_loss=False init=(1.5, -1.5) noise_factor=2",train,original,1,0.05,400,33,0.15717221796512604,0.21360033356091557,
34,"Gamma =0.37 step_frequency=010 prediction_input_size=400 cu_loss=False init=(1.5, -1.5) noise_factor=2",train,original,1,0.05,400,34,0.07488647848367691,0.20963708055870875,
35,"Gamma =0.37 step_frequency=010 prediction_input_size=400 cu_loss=False init=(1.5, -1.5) noise_factor=2",train,original,1,0.05,400,35,0.1028919517993927,0.2066719380931722,
36,"Gamma =0.37 step_frequency=010 prediction_input_size=400 cu_loss=False init=(1.5, -1.5) noise_factor=2",train,original,1,0.05,400,36,0.04507460445165634,0.20230444258934743,
37,"Gamma =0.37 step_frequency=010 prediction_input_size=400 cu_loss=False init=(1.5, -1.5) noise_factor=2",train,original,1,0.05,400,37,0.07563254237174988,0.1989709715309896,
38,"Gamma =0.37 step_frequency=010 prediction_input_size=400 cu_loss=False init=(1.5, -1.5) noise_factor=2",train,original,1,0.05,400,38,0.029840653762221336,0.1946342967164058,
39,"Gamma =0.37 step_frequency=010 prediction_input_size=400 cu_loss=False init=(1.5, -1.5) noise_factor=2",train,original,1,0.05,400,39,0.05097481980919838,0.19104280979372562,
40,"Gamma =0.37 step_frequency=010 prediction_input_size=400 cu_loss=False init=(1.5, -1.5) noise_factor=2",train,original,1,0.05,400,40,0.029874103143811226,0.18711186572909355,
41,"Gamma =0.37 step_frequency=010 prediction_input_size=400 cu_loss=False init=(1.5, -1.5) noise_factor=2",train,original,1,0.05,400,41,0.10245288163423538,0.18509617563159692,
42,"Gamma =0.37 step_frequency=010 prediction_input_size=400 cu_loss=False init=(1.5, -1.5) noise_factor=2",train,original,1,0.05,400,42,0.10094113647937775,0.1831390816978244,
43,"Gamma =0.37 step_frequency=010 prediction_input_size=400 cu_loss=False init=(1.5, -1.5) noise_factor=2",train,original,1,0.05,400,43,0.10780850052833557,0.18142702303488145,
44,"Gamma =0.37 step_frequency=010 prediction_input_size=400 cu_loss=False init=(1.5, -1.5) noise_factor=2",train,original,1,0.05,400,44,0.07063374668359756,0.17896495022707515,
45,"Gamma =0.37 step_frequency=010 prediction_input_size=400 cu_loss=False init=(1.5, -1.5) noise_factor=2",train,original,1,0.05,400,45,0.07740900665521622,0.1767572123233391,
46,"Gamma =0.37 step_frequency=010 prediction_input_size=400 cu_loss=False init=(1.5, -1.5) noise_factor=2",train,original,1,0.05,400,46,0.06674763560295105,0.17441658303141594,
47,"Gamma =0.37 step_frequency=010 prediction_input_size=400 cu_loss=False init=(1.5, -1.5) noise_factor=2",train,original,1,0.05,400,47,0.0892808586359024,0.17264292210650942,
48,"Gamma =0.37 step_frequency=010 prediction_input_size=400 cu_loss=False init=(1.5, -1.5) noise_factor=2",train,original,1,0.05,400,48,0.05088970065116882,0.17015816248497184,
49,"Gamma =0.37 step_frequency=010 prediction_input_size=400 cu_loss=False init=(1.5, -1.5) noise_factor=2",train,original,1,0.05,400,49,0.08576829731464386,0.16847036518156527,
50,"Gamma =0.37 step_frequency=010 prediction_input_size=400 cu_loss=False init=(1.5, -1.5) noise_factor=2",train,original,1,0.05,400,50,0.05195791274309158,0.16618580729061483,
51,"Gamma =0.37 step_frequency=010 prediction_input_size=400 cu_loss=False init=(1.5, -1.5) noise_factor=2",train,original,1,0.05,400,51,0.0837722197175026,0.1646009306065165,
52,"Gamma =0.37 step_frequency=010 prediction_input_size=400 cu_loss=False init=(1.5, -1.5) noise_factor=2",train,original,1,0.05,400,52,0.030012821778655052,0.16206153232674553,
53,"Gamma =0.37 step_frequency=010 prediction_input_size=400 cu_loss=False init=(1.5, -1.5) noise_factor=2",train,original,1,0.05,400,53,0.03206228092312813,0.1596541387822341,
54,"Gamma =0.37 step_frequency=010 prediction_input_size=400 cu_loss=False init=(1.5, -1.5) noise_factor=2",train,original,1,0.05,400,54,0.02434045821428299,0.157193890044635,
55,"Gamma =0.37 step_frequency=010 prediction_input_size=400 cu_loss=False init=(1.5, -1.5) noise_factor=2",train,original,1,0.05,400,55,0.03517615795135498,0.1550150019715407,
56,"Gamma =0.37 step_frequency=010 prediction_input_size=400 cu_loss=False init=(1.5, -1.5) noise_factor=2",train,original,1,0.05,400,56,0.033866509795188904,0.15288958982809595,
57,"Gamma =0.37 step_frequency=010 prediction_input_size=400 cu_loss=False init=(1.5, -1.5) noise_factor=2",train,original,1,0.05,400,57,0.02946041151881218,0.15076150054690138,
58,"Gamma =0.37 step_frequency=010 prediction_input_size=400 cu_loss=False init=(1.5, -1.5) noise_factor=2",train,original,1,0.05,400,58,0.037877414375543594,0.1488482109507767,
59,"Gamma =0.37 step_frequency=010 prediction_input_size=400 cu_loss=False init=(1.5, -1.5) noise_factor=2",train,original,1,0.05,400,59,0.0800510123372078,0.14770159097388386,
60,"Gamma =0.37 step_frequency=010 prediction_input_size=400 cu_loss=False init=(1.5, -1.5) noise_factor=2",train,original,1,0.05,400,60,0.06470289081335068,0.14634095654502266,
61,"Gamma =0.37 step_frequency=010 prediction_input_size=400 cu_loss=False init=(1.5, -1.5) noise_factor=2",train,original,1,0.05,400,61,0.060369085520505905,0.14495431346398208,
62,"Gamma =0.37 step_frequency=010 prediction_input_size=400 cu_loss=False init=(1.5, -1.5) noise_factor=2",train,original,1,0.05,400,62,0.07265469431877136,0.14380670046167715,
63,"Gamma =0.37 step_frequency=010 prediction_input_size=400 cu_loss=False init=(1.5, -1.5) noise_factor=2",train,original,1,0.05,400,63,0.071426622569561,0.14267576174461283,
64,"Gamma =0.37 step_frequency=010 prediction_input_size=400 cu_loss=False init=(1.5, -1.5) noise_factor=2",train,original,1,0.05,400,64,0.07242215424776077,0.14159493701389203,
65,"Gamma =0.37 step_frequency=010 prediction_input_size=400 cu_loss=False init=(1.5, -1.5) noise_factor=2",train,original,1,0.05,400,65,0.035881608724594116,0.13999321991859964,
66,"Gamma =0.37 step_frequency=010 prediction_input_size=400 cu_loss=False init=(1.5, -1.5) noise_factor=2",train,original,1,0.05,400,66,0.05344380810856819,0.13870143765277826,
67,"Gamma =0.37 step_frequency=010 prediction_input_size=400 cu_loss=False init=(1.5, -1.5) noise_factor=2",train,original,1,0.05,400,67,0.03879912197589874,0.1372322859516477,
68,"Gamma =0.37 step_frequency=010 prediction_input_size=400 cu_loss=False init=(1.5, -1.5) noise_factor=2",train,original,1,0.05,400,68,0.037229735404253006,0.13578297362487385,
69,"Gamma =0.37 step_frequency=010 prediction_input_size=400 cu_loss=False init=(1.5, -1.5) noise_factor=2",train,original,1,0.05,400,69,0.10518911480903625,0.13534591849893332,
70,"Gamma =0.37 step_frequency=010 prediction_input_size=400 cu_loss=False init=(1.5, -1.5) noise_factor=2",train,original,1,0.05,400,70,0.05781438946723938,0.13425392513228973,
71,"Gamma =0.37 step_frequency=010 prediction_input_size=400 cu_loss=False init=(1.5, -1.5) noise_factor=2",train,original,1,0.05,400,71,0.03552114591002464,0.1328826365319805,
72,"Gamma =0.37 step_frequency=010 prediction_input_size=400 cu_loss=False init=(1.5, -1.5) noise_factor=2",train,original,1,0.05,400,72,0.02946401759982109,0.13146594312195092,
73,"Gamma =0.37 step_frequency=010 prediction_input_size=400 cu_loss=False init=(1.5, -1.5) noise_factor=2",train,original,1,0.05,400,73,0.023837190121412277,0.13001150051383553,
74,"Gamma =0.37 step_frequency=010 prediction_input_size=400 cu_loss=False init=(1.5, -1.5) noise_factor=2",train,original,1,0.05,400,74,0.02959228865802288,0.12867257768909138,
75,"Gamma =0.37 step_frequency=010 prediction_input_size=400 cu_loss=False init=(1.5, -1.5) noise_factor=2",train,original,1,0.05,400,75,0.03253035247325897,0.12740754840993568,
76,"Gamma =0.37 step_frequency=010 prediction_input_size=400 cu_loss=False init=(1.5, -1.5) noise_factor=2",train,original,1,0.05,400,76,0.028118140995502472,0.12611807558637161,
77,"Gamma =0.37 step_frequency=010 prediction_input_size=400 cu_loss=False init=(1.5, -1.5) noise_factor=2",train,original,1,0.05,400,77,0.03301817178726196,0.1249244870761266,
78,"Gamma =0.37 step_frequency=010 prediction_input_size=400 cu_loss=False init=(1.5, -1.5) noise_factor=2",train,original,1,0.05,400,78,0.031524889171123505,0.12374221368492404,
79,"Gamma =0.37 step_frequency=010 prediction_input_size=400 cu_loss=False init=(1.5, -1.5) noise_factor=2",train,original,1,0.05,400,79,0.04261815547943115,0.12272816295735538,
80,"Gamma =0.37 step_frequency=010 prediction_input_size=400 cu_loss=False init=(1.5, -1.5) noise_factor=2",train,original,1,0.05,400,80,0.031380366533994675,0.12160041238422747,
81,"Gamma =0.37 step_frequency=010 prediction_input_size=400 cu_loss=False init=(1.5, -1.5) noise_factor=2",train,original,1,0.05,400,81,0.05010012909770012,0.12072845771000153,
82,"Gamma =0.37 step_frequency=010 prediction_input_size=400 cu_loss=False init=(1.5, -1.5) noise_factor=2",train,original,1,0.05,400,82,0.03073950484395027,0.11964425345860331,
83,"Gamma =0.37 step_frequency=010 prediction_input_size=400 cu_loss=False init=(1.5, -1.5) noise_factor=2",train,original,1,0.05,400,83,0.030738230794668198,0.11858584842688981,
84,"Gamma =0.37 step_frequency=010 prediction_input_size=400 cu_loss=False init=(1.5, -1.5) noise_factor=2",train,original,1,0.05,400,84,0.022499551996588707,0.11745542141006274,
85,"Gamma =0.37 step_frequency=010 prediction_input_size=400 cu_loss=False init=(1.5, -1.5) noise_factor=2",train,original,1,0.05,400,85,0.034323494881391525,0.11648877110158981,
86,"Gamma =0.37 step_frequency=010 prediction_input_size=400 cu_loss=False init=(1.5, -1.5) noise_factor=2",train,original,1,0.05,400,86,0.021904097869992256,0.11540159094950249,
87,"Gamma =0.37 step_frequency=010 prediction_input_size=400 cu_loss=False init=(1.5, -1.5) noise_factor=2",train,original,1,0.05,400,87,0.045691102743148804,0.11460942631079392,
88,"Gamma =0.37 step_frequency=010 prediction_input_size=400 cu_loss=False init=(1.5, -1.5) noise_factor=2",train,original,1,0.05,400,88,0.022322213277220726,0.1135724913328886,
89,"Gamma =0.37 step_frequency=010 prediction_input_size=400 cu_loss=False init=(1.5, -1.5) noise_factor=2",train,original,1,0.05,400,89,0.02220284566283226,0.11255727304766576,
90,"Gamma =0.37 step_frequency=010 prediction_input_size=400 cu_loss=False init=(1.5, -1.5) noise_factor=2",train,original,1,0.05,400,90,0.018581939861178398,0.11152457707858347,
91,"Gamma =0.37 step_frequency=010 prediction_input_size=400 cu_loss=False init=(1.5, -1.5) noise_factor=2",train,original,1,0.05,400,91,0.025299690663814545,0.11058735005233598,
92,"Gamma =0.37 step_frequency=010 prediction_input_size=400 cu_loss=False init=(1.5, -1.5) noise_factor=2",train,original,1,0.05,400,92,0.02001916989684105,0.10961349865281454,
93,"Gamma =0.37 step_frequency=010 prediction_input_size=400 cu_loss=False init=(1.5, -1.5) noise_factor=2",train,original,1,0.05,400,93,0.03465311601758003,0.1088160477737163,
94,"Gamma =0.37 step_frequency=010 prediction_input_size=400 cu_loss=False init=(1.5, -1.5) noise_factor=2",train,original,1,0.05,400,94,0.026389582082629204,0.1079484007664417,
95,"Gamma =0.37 step_frequency=010 prediction_input_size=400 cu_loss=False init=(1.5, -1.5) noise_factor=2",train,original,1,0.05,400,95,0.031021475791931152,0.10714707863129054,
96,"Gamma =0.37 step_frequency=010 prediction_input_size=400 cu_loss=False init=(1.5, -1.5) noise_factor=2",train,original,1,0.05,400,96,0.026994159445166588,0.10632075987679442,
97,"Gamma =0.37 step_frequency=010 prediction_input_size=400 cu_loss=False init=(1.5, -1.5) noise_factor=2",train,original,1,0.05,400,97,0.028934238478541374,0.1055311014951796,
98,"Gamma =0.37 step_frequency=010 prediction_input_size=400 cu_loss=False init=(1.5, -1.5) noise_factor=2",train,original,1,0.05,400,98,0.024134954437613487,0.10470891819156782,
99,"Gamma =0.37 step_frequency=010 prediction_input_size=400 cu_loss=False init=(1.5, -1.5) noise_factor=2",train,original,1,0.05,400,99,0.028752032667398453,0.10394934933632612,
100,"Gamma =0.37 step_frequency=010 prediction_input_size=400 cu_loss=False init=(1.5, -1.5) noise_factor=2",train,original,1,0.05,400,100,0.02609723061323166,0.10317853627966182,
101,"Gamma =0.37 step_frequency=010 prediction_input_size=400 cu_loss=False init=(1.5, -1.5) noise_factor=2",train,original,1,0.05,400,101,0.02713606506586075,0.1024330218559971,
102,"Gamma =0.37 step_frequency=010 prediction_input_size=400 cu_loss=False init=(1.5, -1.5) noise_factor=2",train,original,1,0.05,400,102,0.025653010234236717,0.1016875848499606,
103,"Gamma =0.37 step_frequency=010 prediction_input_size=400 cu_loss=False init=(1.5, -1.5) noise_factor=2",train,original,1,0.05,400,103,0.0428725965321064,0.10112205611613508,
104,"Gamma =0.37 step_frequency=010 prediction_input_size=400 cu_loss=False init=(1.5, -1.5) noise_factor=2",train,original,1,0.05,400,104,0.036357179284095764,0.10050524776535374,
105,"Gamma =0.37 step_frequency=010 prediction_input_size=400 cu_loss=False init=(1.5, -1.5) noise_factor=2",train,original,1,0.05,400,105,0.053963858634233475,0.10006617805656959,
106,"Gamma =0.37 step_frequency=010 prediction_input_size=400 cu_loss=False init=(1.5, -1.5) noise_factor=2",train,original,1,0.05,400,106,0.032480236142873764,0.09943453373961916,
107,"Gamma =0.37 step_frequency=010 prediction_input_size=400 cu_loss=False init=(1.5, -1.5) noise_factor=2",train,original,1,0.05,400,107,0.02467244863510132,0.09874229221087363,
108,"Gamma =0.37 step_frequency=010 prediction_input_size=400 cu_loss=False init=(1.5, -1.5) noise_factor=2",train,original,1,0.05,400,108,0.03469942882657051,0.09815474300551305,
109,"Gamma =0.37 step_frequency=010 prediction_input_size=400 cu_loss=False init=(1.5, -1.5) noise_factor=2",train,original,1,0.05,400,109,0.027978820726275444,0.0975167800757018,
110,"Gamma =0.37 step_frequency=010 prediction_input_size=400 cu_loss=False init=(1.5, -1.5) noise_factor=2",train,original,1,0.05,400,110,0.02896246314048767,0.096899173616826,
111,"Gamma =0.37 step_frequency=010 prediction_input_size=400 cu_loss=False init=(1.5, -1.5) noise_factor=2",train,original,1,0.05,400,111,0.04146074503660202,0.09640418764735971,
112,"Gamma =0.37 step_frequency=010 prediction_input_size=400 cu_loss=False init=(1.5, -1.5) noise_factor=2",train,original,1,0.05,400,112,0.026363322511315346,0.09578435698243896,
113,"Gamma =0.37 step_frequency=010 prediction_input_size=400 cu_loss=False init=(1.5, -1.5) noise_factor=2",train,original,1,0.05,400,113,0.04228506237268448,0.09531506492445867,
114,"Gamma =0.37 step_frequency=010 prediction_input_size=400 cu_loss=False init=(1.5, -1.5) noise_factor=2",train,original,1,0.05,400,114,0.031455956399440765,0.09475976832858894,
115,"Gamma =0.37 step_frequency=010 prediction_input_size=400 cu_loss=False init=(1.5, -1.5) noise_factor=2",train,original,1,0.05,400,115,0.029461504891514778,0.09419685226447623,
116,"Gamma =0.37 step_frequency=010 prediction_input_size=400 cu_loss=False init=(1.5, -1.5) noise_factor=2",train,original,1,0.05,400,116,0.039079129695892334,0.0937257606185909,
117,"Gamma =0.37 step_frequency=010 prediction_input_size=400 cu_loss=False init=(1.5, -1.5) noise_factor=2",train,original,1,0.05,400,117,0.029273606836795807,0.09317955592552483,
118,"Gamma =0.37 step_frequency=010 prediction_input_size=400 cu_loss=False init=(1.5, -1.5) noise_factor=2",train,original,1,0.05,400,118,0.03002174198627472,0.09264881799326223,
119,"Gamma =0.37 step_frequency=010 prediction_input_size=400 cu_loss=False init=(1.5, -1.5) noise_factor=2",train,original,1,0.05,400,119,0.03706858307123184,0.09218564936891198,
120,"Gamma =0.37 step_frequency=010 prediction_input_size=400 cu_loss=False init=(1.5, -1.5) noise_factor=2",train,original,1,0.05,400,120,0.034219805151224136,0.09170659280512944,
121,"Gamma =0.37 step_frequency=010 prediction_input_size=400 cu_loss=False init=(1.5, -1.5) noise_factor=2",train,original,1,0.05,400,121,0.0354158841073513,0.09124519355350831,
122,"Gamma =0.37 step_frequency=010 prediction_input_size=400 cu_loss=False init=(1.5, -1.5) noise_factor=2",train,original,1,0.05,400,122,0.050147127360105515,0.09091106293404974,
123,"Gamma =0.37 step_frequency=010 prediction_input_size=400 cu_loss=False init=(1.5, -1.5) noise_factor=2",train,original,1,0.05,400,123,0.041779037564992905,0.09051483692300896,
124,"Gamma =0.37 step_frequency=010 prediction_input_size=400 cu_loss=False init=(1.5, -1.5) noise_factor=2",train,original,1,0.05,400,124,0.02773733250796795,0.09001261688768863,
125,"Gamma =0.37 step_frequency=010 prediction_input_size=400 cu_loss=False init=(1.5, -1.5) noise_factor=2",train,original,1,0.05,400,125,0.04231417924165726,0.08963405785875188,
126,"Gamma =0.37 step_frequency=010 prediction_input_size=400 cu_loss=False init=(1.5, -1.5) noise_factor=2",train,original,1,0.05,400,126,0.026316102594137192,0.08913549128186515,
127,"Gamma =0.37 step_frequency=010 prediction_input_size=400 cu_loss=False init=(1.5, -1.5) noise_factor=2",train,original,1,0.05,400,127,0.021142857149243355,0.08860429882770404,
128,"Gamma =0.37 step_frequency=010 prediction_input_size=400 cu_loss=False init=(1.5, -1.5) noise_factor=2",train,original,1,0.05,400,128,0.05216364562511444,0.08832181314396303,
129,"Gamma =0.37 step_frequency=010 prediction_input_size=400 cu_loss=False init=(1.5, -1.5) noise_factor=2",train,original,1,0.05,400,129,0.02658040262758732,0.08784687921691399,
130,"Gamma =0.37 step_frequency=010 prediction_input_size=400 cu_loss=False init=(1.5, -1.5) noise_factor=2",train,original,1,0.05,400,130,0.02027474157512188,0.08733106137232016,
131,"Gamma =0.37 step_frequency=010 prediction_input_size=400 cu_loss=False init=(1.5, -1.5) noise_factor=2",train,original,1,0.05,400,131,0.035942479968070984,0.08694175393743948,
132,"Gamma =0.37 step_frequency=010 prediction_input_size=400 cu_loss=False init=(1.5, -1.5) noise_factor=2",train,original,1,0.05,400,132,0.03588257357478142,0.08655785032569017,
133,"Gamma =0.37 step_frequency=010 prediction_input_size=400 cu_loss=False init=(1.5, -1.5) noise_factor=2",train,original,1,0.05,400,133,0.02433750592172146,0.08609351939730235,
134,"Gamma =0.37 step_frequency=010 prediction_input_size=400 cu_loss=False init=(1.5, -1.5) noise_factor=2",train,original,1,0.05,400,134,0.02602233551442623,0.08564854766483661,
135,"Gamma =0.37 step_frequency=010 prediction_input_size=400 cu_loss=False init=(1.5, -1.5) noise_factor=2",train,original,1,0.05,400,135,0.0271108690649271,0.08521812355748433,
136,"Gamma =0.37 step_frequency=010 prediction_input_size=400 cu_loss=False init=(1.5, -1.5) noise_factor=2",train,original,1,0.05,400,136,0.025500793009996414,0.08478223063378003,
137,"Gamma =0.37 step_frequency=010 prediction_input_size=400 cu_loss=False init=(1.5, -1.5) noise_factor=2",train,original,1,0.05,400,137,0.028209324926137924,0.08437228204169567,
138,"Gamma =0.37 step_frequency=010 prediction_input_size=400 cu_loss=False init=(1.5, -1.5) noise_factor=2",train,original,1,0.05,400,138,0.025833003222942352,0.08395113615091328,
139,"Gamma =0.37 step_frequency=010 prediction_input_size=400 cu_loss=False init=(1.5, -1.5) noise_factor=2",train,original,1,0.05,400,139,0.03387819975614548,0.08359347231952208,
140,"Gamma =0.37 step_frequency=010 prediction_input_size=400 cu_loss=False init=(1.5, -1.5) noise_factor=2",train,original,1,0.05,400,140,0.02418929524719715,0.08317216609915097,
141,"Gamma =0.37 step_frequency=010 prediction_input_size=400 cu_loss=False init=(1.5, -1.5) noise_factor=2",train,original,1,0.05,400,141,0.047769416123628616,0.08292285095847829,
142,"Gamma =0.37 step_frequency=010 prediction_input_size=400 cu_loss=False init=(1.5, -1.5) noise_factor=2",train,original,1,0.05,400,142,0.02297702245414257,0.08250364936054587,
143,"Gamma =0.37 step_frequency=010 prediction_input_size=400 cu_loss=False init=(1.5, -1.5) noise_factor=2",train,original,1,0.05,400,143,0.02362695150077343,0.08209478340318634,
144,"Gamma =0.37 step_frequency=010 prediction_input_size=400 cu_loss=False init=(1.5, -1.5) noise_factor=2",train,original,1,0.05,400,144,0.027970321476459503,0.08172151125196753,
145,"Gamma =0.37 step_frequency=010 prediction_input_size=400 cu_loss=False init=(1.5, -1.5) noise_factor=2",train,original,1,0.05,400,145,0.03109886310994625,0.08137478078524135,
146,"Gamma =0.37 step_frequency=010 prediction_input_size=400 cu_loss=False init=(1.5, -1.5) noise_factor=2",train,original,1,0.05,400,146,0.027102932333946228,0.08100558453727336,
147,"Gamma =0.37 step_frequency=010 prediction_input_size=400 cu_loss=False init=(1.5, -1.5) noise_factor=2",train,original,1,0.05,400,147,0.025903357192873955,0.08063327219035174,
148,"Gamma =0.37 step_frequency=010 prediction_input_size=400 cu_loss=False init=(1.5, -1.5) noise_factor=2",train,original,1,0.05,400,148,0.029438575729727745,0.08028968362350192,
149,"Gamma =0.37 step_frequency=010 prediction_input_size=400 cu_loss=False init=(1.5, -1.5) noise_factor=2",train,original,1,0.05,400,149,0.03731488063931465,0.08000318493694067,
150,"Gamma =0.37 step_frequency=010 prediction_input_size=400 cu_loss=False init=(1.5, -1.5) noise_factor=2",train,original,1,0.05,400,150,0.02419895865023136,0.0796336205244459,
151,"Gamma =0.37 step_frequency=010 prediction_input_size=400 cu_loss=False init=(1.5, -1.5) noise_factor=2",train,original,1,0.05,400,151,0.02549406699836254,0.07927743925124799,
152,"Gamma =0.37 step_frequency=010 prediction_input_size=400 cu_loss=False init=(1.5, -1.5) noise_factor=2",train,original,1,0.05,400,152,0.029801012948155403,0.07895406391593365,
153,"Gamma =0.37 step_frequency=010 prediction_input_size=400 cu_loss=False init=(1.5, -1.5) noise_factor=2",train,original,1,0.05,400,153,0.022415032610297203,0.07858692734901394,
154,"Gamma =0.37 step_frequency=010 prediction_input_size=400 cu_loss=False init=(1.5, -1.5) noise_factor=2",train,original,1,0.05,400,154,0.03405040502548218,0.07829959494692663,
155,"Gamma =0.37 step_frequency=010 prediction_input_size=400 cu_loss=False init=(1.5, -1.5) noise_factor=2",train,original,1,0.05,400,155,0.02441895566880703,0.07795420623360536,
156,"Gamma =0.37 step_frequency=010 prediction_input_size=400 cu_loss=False init=(1.5, -1.5) noise_factor=2",train,original,1,0.05,400,156,0.028586527332663536,0.07763976241894968,
157,"Gamma =0.37 step_frequency=010 prediction_input_size=400 cu_loss=False init=(1.5, -1.5) noise_factor=2",train,original,1,0.05,400,157,0.029462166130542755,0.07733484092345343,
158,"Gamma =0.37 step_frequency=010 prediction_input_size=400 cu_loss=False init=(1.5, -1.5) noise_factor=2",train,original,1,0.05,400,158,0.024260487407445908,0.07700103995794395,
159,"Gamma =0.37 step_frequency=010 prediction_input_size=400 cu_loss=False init=(1.5, -1.5) noise_factor=2",train,original,1,0.05,400,159,0.034371789544820786,0.07673460714286193,
160,"Gamma =0.37 step_frequency=010 prediction_input_size=400 cu_loss=False init=(1.5, -1.5) noise_factor=2",train,original,1,0.05,400,160,0.02773072011768818,0.07643023517376148,
161,"Gamma =0.37 step_frequency=010 prediction_input_size=400 cu_loss=False init=(1.5, -1.5) noise_factor=2",train,original,1,0.05,400,161,0.025819871574640274,0.07611782552191505,
162,"Gamma =0.37 step_frequency=010 prediction_input_size=400 cu_loss=False init=(1.5, -1.5) noise_factor=2",train,original,1,0.05,400,162,0.02308196760714054,0.07579245216047471,
163,"Gamma =0.37 step_frequency=010 prediction_input_size=400 cu_loss=False init=(1.5, -1.5) noise_factor=2",train,original,1,0.05,400,163,0.027290605008602142,0.07549670919003647,
164,"Gamma =0.37 step_frequency=010 prediction_input_size=400 cu_loss=False init=(1.5, -1.5) noise_factor=2",train,original,1,0.05,400,164,0.02197790890932083,0.0751723528246988,
165,"Gamma =0.37 step_frequency=010 prediction_input_size=400 cu_loss=False init=(1.5, -1.5) noise_factor=2",train,original,1,0.05,400,165,0.022809626534581184,0.07485691471451736,
166,"Gamma =0.37 step_frequency=010 prediction_input_size=400 cu_loss=False init=(1.5, -1.5) noise_factor=2",train,original,1,0.05,400,166,0.027434051036834717,0.07457294547093843,
167,"Gamma =0.37 step_frequency=010 prediction_input_size=400 cu_loss=False init=(1.5, -1.5) noise_factor=2",train,original,1,0.05,400,167,0.028841566294431686,0.07430073488060207,
168,"Gamma =0.37 step_frequency=010 prediction_input_size=400 cu_loss=False init=(1.5, -1.5) noise_factor=2",train,original,1,0.05,400,168,0.02669309638440609,0.07401903287766601,
169,"Gamma =0.37 step_frequency=010 prediction_input_size=400 cu_loss=False init=(1.5, -1.5) noise_factor=2",train,original,1,0.05,400,169,0.024517949670553207,0.07372785003527123,
170,"Gamma =0.37 step_frequency=010 prediction_input_size=400 cu_loss=False init=(1.5, -1.5) noise_factor=2",train,original,1,0.05,400,170,0.024587498977780342,0.07344047956125081,
171,"Gamma =0.37 step_frequency=010 prediction_input_size=400 cu_loss=False init=(1.5, -1.5) noise_factor=2",train,original,1,0.05,400,171,0.02980712614953518,0.0731867972739734,
172,"Gamma =0.37 step_frequency=010 prediction_input_size=400 cu_loss=False init=(1.5, -1.5) noise_factor=2",train,original,1,0.05,400,172,0.03164944797754288,0.07294669698902292,
173,"Gamma =0.37 step_frequency=010 prediction_input_size=400 cu_loss=False init=(1.5, -1.5) noise_factor=2",train,original,1,0.05,400,173,0.030317071825265884,0.07270169914325421,
174,"Gamma =0.37 step_frequency=010 prediction_input_size=400 cu_loss=False init=(1.5, -1.5) noise_factor=2",train,original,1,0.05,400,174,0.02906850166618824,0.0724523665862424,
175,"Gamma =0.37 step_frequency=010 prediction_input_size=400 cu_loss=False init=(1.5, -1.5) noise_factor=2",train,original,1,0.05,400,175,0.02862263098359108,0.07220333399759098,
176,"Gamma =0.37 step_frequency=010 prediction_input_size=400 cu_loss=False init=(1.5, -1.5) noise_factor=2",train,original,1,0.05,400,176,0.043830566108226776,0.07204303587392225,
177,"Gamma =0.37 step_frequency=010 prediction_input_size=400 cu_loss=False init=(1.5, -1.5) noise_factor=2",train,original,1,0.05,400,177,0.02946152724325657,0.071803813915323,
178,"Gamma =0.37 step_frequency=010 prediction_input_size=400 cu_loss=False init=(1.5, -1.5) noise_factor=2",train,original,1,0.05,400,178,0.023297570645809174,0.07153282931605198,
179,"Gamma =0.37 step_frequency=010 prediction_input_size=400 cu_loss=False init=(1.5, -1.5) noise_factor=2",train,original,1,0.05,400,179,0.022918526083230972,0.07126274985364742,
180,"Gamma =0.37 step_frequency=010 prediction_input_size=400 cu_loss=False init=(1.5, -1.5) noise_factor=2",train,original,1,0.05,400,180,0.02910129353404045,0.07102981363088716,
181,"Gamma =0.37 step_frequency=010 prediction_input_size=400 cu_loss=False init=(1.5, -1.5) noise_factor=2",train,original,1,0.05,400,181,0.022288354113698006,0.07076200341375974,
182,"Gamma =0.37 step_frequency=010 prediction_input_size=400 cu_loss=False init=(1.5, -1.5) noise_factor=2",train,original,1,0.05,400,182,0.026320425793528557,0.07051915326282952,
183,"Gamma =0.37 step_frequency=010 prediction_input_size=400 cu_loss=False init=(1.5, -1.5) noise_factor=2",train,original,1,0.05,400,183,0.0215934906154871,0.07025325292235483,
184,"Gamma =0.37 step_frequency=010 prediction_input_size=400 cu_loss=False init=(1.5, -1.5) noise_factor=2",train,original,1,0.05,400,184,0.021230971440672874,0.06998826761704845,
185,"Gamma =0.37 step_frequency=010 prediction_input_size=400 cu_loss=False init=(1.5, -1.5) noise_factor=2",train,original,1,0.05,400,185,0.025317605584859848,0.06974810276741303,
186,"Gamma =0.37 step_frequency=010 prediction_input_size=400 cu_loss=False init=(1.5, -1.5) noise_factor=2",train,original,1,0.05,400,186,0.02665284462273121,0.06951764684150563,
187,"Gamma =0.37 step_frequency=010 prediction_input_size=400 cu_loss=False init=(1.5, -1.5) noise_factor=2",train,original,1,0.05,400,187,0.02281767502427101,0.0692692427360948,
188,"Gamma =0.37 step_frequency=010 prediction_input_size=400 cu_loss=False init=(1.5, -1.5) noise_factor=2",train,original,1,0.05,400,188,0.026205528527498245,0.06904139239636678,
189,"Gamma =0.37 step_frequency=010 prediction_input_size=400 cu_loss=False init=(1.5, -1.5) noise_factor=2",train,original,1,0.05,400,189,0.0283689945936203,0.06882732714477338,
190,"Gamma =0.37 step_frequency=010 prediction_input_size=400 cu_loss=False init=(1.5, -1.5) noise_factor=2",train,original,1,0.05,400,190,0.022264700382947922,0.06858354375858582,
191,"Gamma =0.37 step_frequency=010 prediction_input_size=400 cu_loss=False init=(1.5, -1.5) noise_factor=2",train,original,1,0.05,400,191,0.02952306903898716,0.0683801037860879,
192,"Gamma =0.37 step_frequency=010 prediction_input_size=400 cu_loss=False init=(1.5, -1.5) noise_factor=2",train,original,1,0.05,400,192,0.026775812730193138,0.0681645375111869,
193,"Gamma =0.37 step_frequency=010 prediction_input_size=400 cu_loss=False init=(1.5, -1.5) noise_factor=2",train,original,1,0.05,400,193,0.028583038598299026,0.06796050916627511,
194,"Gamma =0.37 step_frequency=010 prediction_input_size=400 cu_loss=False init=(1.5, -1.5) noise_factor=2",train,original,1,0.05,400,194,0.03305739909410477,0.0677815188582127,
195,"Gamma =0.37 step_frequency=010 prediction_input_size=400 cu_loss=False init=(1.5, -1.5) noise_factor=2",train,original,1,0.05,400,195,0.03343043476343155,0.06760625822507606,
196,"Gamma =0.37 step_frequency=010 prediction_input_size=400 cu_loss=False init=(1.5, -1.5) noise_factor=2",train,original,1,0.05,400,196,0.030936749652028084,0.06742011858764942,
197,"Gamma =0.37 step_frequency=010 prediction_input_size=400 cu_loss=False init=(1.5, -1.5) noise_factor=2",train,original,1,0.05,400,197,0.031851135194301605,0.06724047725737999,
198,"Gamma =0.37 step_frequency=010 prediction_input_size=400 cu_loss=False init=(1.5, -1.5) noise_factor=2",train,original,1,0.05,400,198,0.03019370511174202,0.06705431257323105,
199,"Gamma =0.37 step_frequency=010 prediction_input_size=400 cu_loss=False init=(1.5, -1.5) noise_factor=2",train,original,1,0.05,400,199,0.037952449172735214,0.06690880325622857,
200,"Gamma =0.37 step_frequency=010 prediction_input_size=400 cu_loss=False init=(1.5, -1.5) noise_factor=2",train,original,1,0.05,400,200,0.029223725199699402,0.06672131530569857,
201,"Gamma =0.37 step_frequency=010 prediction_input_size=400 cu_loss=False init=(1.5, -1.5) noise_factor=2",train,original,1,0.05,400,201,0.022301744669675827,0.06650141644116381,
202,"Gamma =0.37 step_frequency=010 prediction_input_size=400 cu_loss=False init=(1.5, -1.5) noise_factor=2",train,original,1,0.05,400,202,0.03177041560411453,0.06633032776708966,
203,"Gamma =0.37 step_frequency=010 prediction_input_size=400 cu_loss=False init=(1.5, -1.5) noise_factor=2",train,original,1,0.05,400,203,0.022416967898607254,0.06611506619910691,
204,"Gamma =0.37 step_frequency=010 prediction_input_size=400 cu_loss=False init=(1.5, -1.5) noise_factor=2",train,original,1,0.05,400,204,0.02117995359003544,0.06589587052784315,
205,"Gamma =0.37 step_frequency=010 prediction_input_size=400 cu_loss=False init=(1.5, -1.5) noise_factor=2",train,original,1,0.05,400,205,0.024602007120847702,0.06569541488023638,
206,"Gamma =0.37 step_frequency=010 prediction_input_size=400 cu_loss=False init=(1.5, -1.5) noise_factor=2",train,original,1,0.05,400,206,0.035087838768959045,0.06554755219370846,
207,"Gamma =0.37 step_frequency=010 prediction_input_size=400 cu_loss=False init=(1.5, -1.5) noise_factor=2",train,original,1,0.05,400,207,0.027775373309850693,0.06536595517984377,
208,"Gamma =0.37 step_frequency=010 prediction_input_size=400 cu_loss=False init=(1.5, -1.5) noise_factor=2",train,original,1,0.05,400,208,0.020613884553313255,0.0651518304400039,
209,"Gamma =0.37 step_frequency=010 prediction_input_size=400 cu_loss=False init=(1.5, -1.5) noise_factor=2",train,original,1,0.05,400,209,0.0300045907497406,0.06498446263195504,
210,"Gamma =0.37 step_frequency=010 prediction_input_size=400 cu_loss=False init=(1.5, -1.5) noise_factor=2",train,original,1,0.05,400,210,0.03142848238348961,0.06482542955020876,
211,"Gamma =0.37 step_frequency=010 prediction_input_size=400 cu_loss=False init=(1.5, -1.5) noise_factor=2",train,original,1,0.05,400,211,0.02672162465751171,0.06464569462146962,
212,"Gamma =0.37 step_frequency=010 prediction_input_size=400 cu_loss=False init=(1.5, -1.5) noise_factor=2",train,original,1,0.05,400,212,0.025395305827260017,0.0644614204956752,
213,"Gamma =0.37 step_frequency=010 prediction_input_size=400 cu_loss=False init=(1.5, -1.5) noise_factor=2",train,original,1,0.05,400,213,0.03665086254477501,0.06433146461739997,
214,"Gamma =0.37 step_frequency=010 prediction_input_size=400 cu_loss=False init=(1.5, -1.5) noise_factor=2",train,original,1,0.05,400,214,0.027381684631109238,0.06415960517560326,
215,"Gamma =0.37 step_frequency=010 prediction_input_size=400 cu_loss=False init=(1.5, -1.5) noise_factor=2",train,original,1,0.05,400,215,0.024722864851355553,0.06397702767410213,
216,"Gamma =0.37 step_frequency=010 prediction_input_size=400 cu_loss=False init=(1.5, -1.5) noise_factor=2",train,original,1,0.05,400,216,0.039132654666900635,0.06386253747591225,
217,"Gamma =0.37 step_frequency=010 prediction_input_size=400 cu_loss=False init=(1.5, -1.5) noise_factor=2",train,original,1,0.05,400,217,0.02667427435517311,0.06369194911297309,
218,"Gamma =0.37 step_frequency=010 prediction_input_size=400 cu_loss=False init=(1.5, -1.5) noise_factor=2",train,original,1,0.05,400,218,0.029093796387314796,0.06353396668043583,
219,"Gamma =0.37 step_frequency=010 prediction_input_size=400 cu_loss=False init=(1.5, -1.5) noise_factor=2",train,original,1,0.05,400,219,0.028325296938419342,0.06337392727251757,
220,"Gamma =0.37 step_frequency=010 prediction_input_size=400 cu_loss=False init=(1.5, -1.5) noise_factor=2",train,original,1,0.05,400,220,0.03310571238398552,0.06323696702415317,
221,"Gamma =0.37 step_frequency=010 prediction_input_size=400 cu_loss=False init=(1.5, -1.5) noise_factor=2",train,original,1,0.05,400,221,0.025152310729026794,0.06306541451831928,
222,"Gamma =0.37 step_frequency=010 prediction_input_size=400 cu_loss=False init=(1.5, -1.5) noise_factor=2",train,original,1,0.05,400,222,0.03268923610448837,0.06292919847162048,
223,"Gamma =0.37 step_frequency=010 prediction_input_size=400 cu_loss=False init=(1.5, -1.5) noise_factor=2",train,original,1,0.05,400,223,0.028289780020713806,0.06277455821067893,
224,"Gamma =0.37 step_frequency=010 prediction_input_size=400 cu_loss=False init=(1.5, -1.5) noise_factor=2",train,original,1,0.05,400,224,0.032342515885829926,0.06263930468923516,
225,"Gamma =0.37 step_frequency=010 prediction_input_size=400 cu_loss=False init=(1.5, -1.5) noise_factor=2",train,original,1,0.05,400,225,0.026517877355217934,0.062479475364748356,
226,"Gamma =0.37 step_frequency=010 prediction_input_size=400 cu_loss=False init=(1.5, -1.5) noise_factor=2",train,original,1,0.05,400,226,0.027708137407898903,0.06232629766449792,
227,"Gamma =0.37 step_frequency=010 prediction_input_size=400 cu_loss=False init=(1.5, -1.5) noise_factor=2",train,original,1,0.05,400,227,0.02747827209532261,0.06217345544708926,
228,"Gamma =0.37 step_frequency=010 prediction_input_size=400 cu_loss=False init=(1.5, -1.5) noise_factor=2",train,original,1,0.05,400,228,0.026854855939745903,0.06201922575491745,
229,"Gamma =0.37 step_frequency=010 prediction_input_size=400 cu_loss=False init=(1.5, -1.5) noise_factor=2",train,original,1,0.05,400,229,0.021678438410162926,0.06184383102733156,
230,"Gamma =0.37 step_frequency=010 prediction_input_size=400 cu_loss=False init=(1.5, -1.5) noise_factor=2",train,original,1,0.05,400,230,0.03483111783862114,0.06172689287499948,
231,"Gamma =0.37 step_frequency=010 prediction_input_size=400 cu_loss=False init=(1.5, -1.5) noise_factor=2",train,original,1,0.05,400,231,0.02896759659051895,0.0615856890117043,
232,"Gamma =0.37 step_frequency=010 prediction_input_size=400 cu_loss=False init=(1.5, -1.5) noise_factor=2",train,original,1,0.05,400,232,0.02629413828253746,0.06143422312874651,
233,"Gamma =0.37 step_frequency=010 prediction_input_size=400 cu_loss=False init=(1.5, -1.5) noise_factor=2",train,original,1,0.05,400,233,0.024356607347726822,0.06127577177925497,
234,"Gamma =0.37 step_frequency=010 prediction_input_size=400 cu_loss=False init=(1.5, -1.5) noise_factor=2",train,original,1,0.05,400,234,0.024882590398192406,0.06112090717763343,
235,"Gamma =0.37 step_frequency=010 prediction_input_size=400 cu_loss=False init=(1.5, -1.5) noise_factor=2",train,original,1,0.05,400,235,0.02127069979906082,0.06095205036670727,
236,"Gamma =0.37 step_frequency=010 prediction_input_size=400 cu_loss=False init=(1.5, -1.5) noise_factor=2",train,original,1,0.05,400,236,0.029985319823026657,0.060821389056396384,
237,"Gamma =0.37 step_frequency=010 prediction_input_size=400 cu_loss=False init=(1.5, -1.5) noise_factor=2",train,original,1,0.05,400,237,0.028951887041330338,0.06068748358574485,
238,"Gamma =0.37 step_frequency=010 prediction_input_size=400 cu_loss=False init=(1.5, -1.5) noise_factor=2",train,original,1,0.05,400,238,0.02969982475042343,0.06055782810944643,
239,"Gamma =0.37 step_frequency=010 prediction_input_size=400 cu_loss=False init=(1.5, -1.5) noise_factor=2",train,original,1,0.05,400,239,0.03183065354824066,0.06043813154877474,
240,"Gamma =0.37 step_frequency=010 prediction_input_size=400 cu_loss=False init=(1.5, -1.5) noise_factor=2",train,original,1,0.05,400,240,0.029114047065377235,0.06030815609448678,
241,"Gamma =0.37 step_frequency=010 prediction_input_size=400 cu_loss=False init=(1.5, -1.5) noise_factor=2",train,original,1,0.05,400,241,0.028061235323548317,0.0601749043557639,
242,"Gamma =0.37 step_frequency=010 prediction_input_size=400 cu_loss=False init=(1.5, -1.5) noise_factor=2",train,original,1,0.05,400,242,0.025486961007118225,0.06003215561770363,
243,"Gamma =0.37 step_frequency=010 prediction_input_size=400 cu_loss=False init=(1.5, -1.5) noise_factor=2",train,original,1,0.05,400,243,0.0281512588262558,0.05990149620462392,
244,"Gamma =0.37 step_frequency=010 prediction_input_size=400 cu_loss=False init=(1.5, -1.5) noise_factor=2",train,original,1,0.05,400,244,0.03366827219724655,0.05979442182092034,
245,"Gamma =0.37 step_frequency=010 prediction_input_size=400 cu_loss=False init=(1.5, -1.5) noise_factor=2",train,original,1,0.05,400,245,0.029345696792006493,0.059670646515924755,
246,"Gamma =0.37 step_frequency=010 prediction_input_size=400 cu_loss=False init=(1.5, -1.5) noise_factor=2",train,original,1,0.05,400,246,0.023089159280061722,0.05952254332873503,
247,"Gamma =0.37 step_frequency=010 prediction_input_size=400 cu_loss=False init=(1.5, -1.5) noise_factor=2",train,original,1,0.05,400,247,0.028093021363019943,0.05939581138532488,
248,"Gamma =0.37 step_frequency=010 prediction_input_size=400 cu_loss=False init=(1.5, -1.5) noise_factor=2",train,original,1,0.05,400,248,0.03864126279950142,0.05931245978457861,
